醫院名稱,科別,組別,認定年度,資格效期,醫事機構代碼,地址,鄉鎮市區,地址-街路門牌,權屬別,型態別,電話,院所明細查詢,定位地址,WGS84經度,WGS84緯度
臺北市立萬芳醫院－委託財團法人臺北醫學大學辦理,內科、外科,一般內科、兒科、一般外科、婦產科,105,105年11月1日至110年12月31日,1301200010,臺北市文山區興隆路三段111號,文山區,興隆路三段111號,私立醫學院、校附設醫院,綜合醫院,0229307930,https://www.nhi.gov.tw/QueryN/Query3_Detail.aspx?Page=3&HospID=1301200010,臺北市文山區興光里7鄰興隆路三段111號,121.55833,25.000305
臺北醫學大學附設醫院,內科、外科,一般內科、精神科、兒科、一般外科、婦產科,105,105年11月1日至110年12月31日,1301170017,臺北市信義區吳興街２５2號,信義區,吳興街２５2號,私立醫學院、校附設醫院,綜合醫院,0227372181,https://www.nhi.gov.tw/QueryN/Query3_Detail.aspx?Page=3&HospID=1301170017,臺北市信義區雙和里22鄰吳興街252號,121.563638,25.026637
臺北市立聯合醫院(松德院區),內科,精神科,105,105年11月1日至110年12月31日,0101090517,臺北市信義區松德路309號、中正區金山南路一段5號1、2樓,信義區,松德路309號、中正區金山南路一段5號1、2樓,部立及直轄市立醫院,綜合醫院,25523234,https://www.nhi.gov.tw/QueryN/Query3_Detail.aspx?Page=3&HospID=0101090517,臺北市信義區三犁里23鄰松德路309號,121.574884,25.03048
振興醫療財團法人振興醫院,內科、外科,一般內科、一般外科,105,105年11月1日至110年12月31日,1101160017,臺北市北投區振興街４５號,北投區,振興街４５號,醫療財團法人醫院,綜合醫院,0228264400,https://www.nhi.gov.tw/QueryN/Query3_Detail.aspx?Page=3&HospID=1101160017,臺北市北投區榮華里2鄰振興街45號,121.5224,25.117543
行天宮醫療志業醫療財團法人恩主公醫院,內科、外科,一般內科、兒科、一般外科、婦產科,105,105年11月1日至110年12月31日,1131090019,新北市三峽區復興路399號、中山路198、258號,三峽區,復興路399號、中山路198、258號,醫療財團法人醫院,綜合醫院,(02)26723456,https://www.nhi.gov.tw/QueryN/Query3_Detail.aspx?Page=3&HospID=1131090019,新北市三峽區鳶山里13鄰復興路399號,121.363007,24.938385
佛教慈濟醫療財團法人台北慈濟醫院,內科、外科,,105,105年11月1日至110年12月31日,1131050515,新北市新店區建國路277號地上1、3、4樓及289號地下1至3樓至地上1至15樓,新店區,建國路277號地上1、3、4樓及289號地下1至3樓至地上1至15樓,醫療財團法人醫院,綜合醫院,(02)66289779,https://www.nhi.gov.tw/QueryN/Query3_Detail.aspx?Page=3&HospID=1131050515,新北市新店區復興里13鄰建國路277號,121.535615,24.984128
國泰醫療財團法人新竹國泰綜合醫院,內科、外科,一般內科、兒科、一般外科、婦產科,105,105年11月1日至110年12月31日,1112010528,新竹市東區福德里中華路二段六七八號及六七八號之一,東區,福德里中華路二段六七八號及六七八號之一,醫療財團法人醫院,綜合醫院,03-5278999,https://www.nhi.gov.tw/QueryN/Query3_Detail.aspx?Page=3&HospID=1112010528,新竹市東區福德里7鄰中華路二段678號,120.965227,24.798257
國立臺灣大學醫學院附設醫院新竹分院,內科、外科,一般內科、一般外科、兒科,105,105年11月1日至110年12月31日,0412040012,新竹市北區金華里經國路一段442巷25號,北區,金華里經國路一段442巷25號,公立醫學院校附設醫院,綜合醫院,03-5326151,https://www.nhi.gov.tw/QueryN/Query3_Detail.aspx?Page=3&HospID=0412040012,新竹市北區金華里21鄰經國路一段442巷25號,120.97992,24.816707
沙爾德聖保祿修女會醫療財團法人聖保祿醫院,內科、外科,一般內科、一般外科,105,105年11月1日至110年12月31日,1132010024,桃園市桃園區建新街123號,桃園區,建新街123號,醫療財團法人醫院,綜合醫院,03-3613141,https://www.nhi.gov.tw/QueryN/Query3_Detail.aspx?Page=3&HospID=1132010024,桃園市桃園區福安里19鄰建新街123號,121.312507,24.982115
童綜合醫療社團法人童綜合醫院,內科、外科,一般內科、精神科、兒科、一般外科、婦產科,105,105年11月1日至110年12月31日,0936060016,臺中市沙鹿區成功西街8號,沙鹿區,成功西街8號,醫療社團法人醫院,綜合醫院,04-26581919,https://www.nhi.gov.tw/QueryN/Query3_Detail.aspx?Page=3&HospID=0936060016,臺中市沙鹿區鹿寮里17鄰成功西街8號,120.560576,24.242944
國軍臺中總醫院附設民眾診療服務處,內科、外科,一般內科、一般外科,105,105年11月1日至110年12月31日,0536190011,臺中市太平區中山路二段３４８號,太平區,中山路二段３４８號,軍方醫院(民眾診療),綜合醫院,04-23934191,https://www.nhi.gov.tw/QueryN/Query3_Detail.aspx?Page=3&HospID=0536190011,臺中市太平區光明里17鄰中山路二段348號,120.730101,24.150814
衛生福利部彰化醫院,內科、外科,,105,105年11月1日至110年12月31日,0137170515,彰化縣埔心鄉中正路二段80號,埔心鄉,中正路二段80號,部立及直轄市立醫院,醫院,04-8298686,https://www.nhi.gov.tw/QueryN/Query3_Detail.aspx?Page=3&HospID=0137170515,彰化縣埔心鄉舊?村4鄰中正路二段80號,120.527299,23.950225
彰化基督教醫療財團法人二林基督教醫院,內科、外科,,105,105年11月1日至110年12月31日,1137080017,彰化縣二林鎮南光里大成路一段558號、安和街40巷28號2樓,二林鎮,南光里大成路一段558號、安和街40巷28號2樓,醫療財團法人醫院,綜合醫院,048960128,https://www.nhi.gov.tw/QueryN/Query3_Detail.aspx?Page=3&HospID=1137080017,彰化縣二林鎮南光里25鄰大成路一段558號,120.363344,23.893608
臺中榮民總醫院埔里分院,內科、外科,一般內科、一般外科,105,105年11月1日至110年12月31日,0638020014,南投縣埔里鎮大城里中山路3段339號,埔里鎮,大城里中山路3段339號,榮民醫院,綜合醫院,049-2998911,https://www.nhi.gov.tw/QueryN/Query3_Detail.aspx?Page=3&HospID=0638020014,南投縣埔里鎮大城里28鄰中山路三段339號,120.956327,23.968093
埔基醫療財團法人埔里基督教醫院,內科、外科,一般內科、一般外科,105,105年11月1日至110年12月31日,1138020015,南投縣埔里鎮鐵山路一號,埔里鎮,鐵山路一號,醫療財團法人醫院,綜合醫院,049-2912151,https://www.nhi.gov.tw/QueryN/Query3_Detail.aspx?Page=3&HospID=1138020015,南投縣埔里鎮愛蘭里1鄰鐵山路1號,120.946799,23.970928
中國醫藥大學北港附設醫院,內科、外科,一般內科、一般外科,105,105年11月1日至110年12月31日,1339060017,雲林縣北港鎮新德路１２３號,北港鎮,新德路１２３號,私立醫學院、校附設醫院,綜合醫院,05 7837901,https://www.nhi.gov.tw/QueryN/Query3_Detail.aspx?Page=3&HospID=1339060017,雲林縣北港鎮新街里5鄰新德路123號,120.30782,23.591763
天主教中華聖母修女會醫療財團法人天主教聖馬爾定醫院,內科、外科,一般內科、一般外科,105,105年11月1日至110年12月31日,1122010021,嘉義市東區短竹里大雅路二段565號,東區,短竹里大雅路二段565號,醫療財團法人醫院,綜合醫院,05 2756000,https://www.nhi.gov.tw/QueryN/Query3_Detail.aspx?Page=3&HospID=1122010021,嘉義市東區短竹里11鄰大雅路二段625號,120.46629,23.476849
台灣基督長老教會新樓醫療財團法人麻豆新樓醫院,內科、外科,一般內科、一般外科,105,105年11月1日至110年12月31日,1105040016,臺南市麻豆區埤頭里苓子林20號,麻豆區,埤頭里苓子林20號,醫療財團法人醫院,綜合醫院,06-5702228,https://www.nhi.gov.tw/QueryN/Query3_Detail.aspx?Page=3&HospID=1105040016,臺南市麻豆區埤頭里11鄰苓子林20號,120.233033,23.179874
台灣基督長老教會新樓醫療財團法人台南新樓醫院,內科、外科,一般內科、兒科、一般外科、婦產科,105,105年11月1日至110年12月31日,1121010018,臺南市東區東門路1段57號,東區,東門路1段57號,醫療財團法人醫院,綜合醫院,06-2748316,https://www.nhi.gov.tw/QueryN/Query3_Detail.aspx?Page=3&HospID=1121010018,臺南市東區東門里6鄰東門路一段57號,120.212807,22.989158
郭綜合醫院,內科,一般內科,105,105年11月1日至110年12月31日,1521031104,臺南市中西區民生路2段6.8.10.12.14.18.20.22.23.24.25.27.44號及40、42號1、2樓,中西區,民生路2段6.8.10.12.14.18.20.22.23.24.25.27.44號及40、42號1、2樓,私立西醫醫院,綜合醫院,06-2221111,https://www.nhi.gov.tw/QueryN/Query3_Detail.aspx?Page=3&HospID=1521031104,臺南市中西區五條港里1鄰民生路二段6號,121.533012,25.042385
輔英科技大學附設醫院,內科、外科,一般內科、一般外科,105,105年11月1日至110年12月31日,1343030018,屏東縣東港鎮中山路５號及光復路一段318號,東港鎮,中山路５號及光復路一段318號,私立醫學院、校附設醫院,綜合醫院,08 8323146,https://www.nhi.gov.tw/QueryN/Query3_Detail.aspx?Page=3&HospID=1343030018,屏東縣東港鎮興臺里16鄰中山路5號,120.452734,22.465198
臺北榮民總醫院新竹分院,,一般內科,106,106年11月1日至111年12月31日,0633030010,新竹縣竹東鎮中豐路一段81號,竹東鎮,中豐路一段81號,榮民醫院,綜合醫院,035962134,https://www.nhi.gov.tw/QueryN/Query3_Detail.aspx?Page=3&HospID=0633030010,新竹縣竹東鎮東寧里3鄰中豐路一段81號,121.099575,24.722702
國立臺灣大學醫學院附設醫院竹東分院,,一般內科、精神科,106,106年11月1日至111年12月31日,0433030016,新竹縣竹東鎮至善路52號,竹東鎮,至善路52號,公立醫學院校附設醫院,綜合醫院,03-5943248,https://www.nhi.gov.tw/QueryN/Query3_Detail.aspx?Page=3&HospID=0433030016,新竹縣竹東鎮上?里9鄰至善路52號,121.09356,24.718675
新北市立聯合醫院,,一般內科、一般外科,106,106年11月1日至111年12月31日,0131020016,新北市板橋區英士路198號,板橋區,英士路198號,部立及直轄市立醫院,綜合醫院,(02)29829111,https://www.nhi.gov.tw/QueryN/Query3_Detail.aspx?Page=3&HospID=0131020016,新北市板橋區德翠里11鄰英士路198號,121.457708,25.023683
高雄榮民總醫院臺南分院,,一般外科,106,106年11月1日至111年12月31日,0641310018,臺南市永康區復興路427號,永康區,復興路427號,榮民醫院,綜合醫院,06-3125101,https://www.nhi.gov.tw/QueryN/Query3_Detail.aspx?Page=3&HospID=0641310018,臺南市永康區復興里1鄰復興路427號,120.240316,22.997218
衛生福利部臺南醫院,,一般內科、精神科、一般外科,106,106年11月1日至111年12月31日,0121050011,臺南市中西區中山路125號,中西區,中山路125號,部立及直轄市立醫院,綜合醫院,06-2200055,https://www.nhi.gov.tw/QueryN/Query3_Detail.aspx?Page=3&HospID=0121050011,臺南市中西區赤嵌里3鄰中山路125號,120.209228,22.995819
敏盛綜合醫院,,一般內科、兒科、一般外科、婦產科,106,106年11月1日至111年12月31日,1532011154,桃園市桃園區三民路三段106號,桃園區,三民路三段106號,私立西醫醫院,綜合醫院,03-3179599,https://www.nhi.gov.tw/QueryN/Query3_Detail.aspx?Page=3&HospID=1532011154,桃園市桃園區西門里12鄰三民路三段106號,121.305696,24.994364
臺北榮民總醫院,,一般內科、精神科、兒科、一般外科、婦產科,106,106年11月1日至111年12月31日,0601160016,臺北市北投區石牌路二段２０１號,北投區,石牌路二段２０１號,榮民醫院,綜合醫院,0228712121,https://www.nhi.gov.tw/QueryN/Query3_Detail.aspx?Page=3&HospID=0601160016,臺北市北投區永欣里3鄰石牌路二段201號,121.519166,25.119181
衛生福利部南投醫院,,一般內科,106,106年11月1日至111年12月31日,0138010027,南投縣南投市中興新村環山路57號,南投市,中興新村環山路57號,部立及直轄市立醫院,綜合醫院,049231150,https://www.nhi.gov.tw/QueryN/Query3_Detail.aspx?Page=3&HospID=0138010027,南投縣南投市光華里24鄰環山路57號,120.6948,23.952389
仁愛醫療財團法人大里仁愛醫院,,一般內科、兒科、一般外科、婦產科,106,106年11月1日至111年12月31日,1136200015,臺中市大里區東榮路４８３號,大里區,東榮路４８３號,醫療財團法人醫院,綜合醫院,04-24819900,https://www.nhi.gov.tw/QueryN/Query3_Detail.aspx?Page=3&HospID=1136200015,臺中市大里區國光里2鄰東榮路483號,120.680434,24.109261
台灣基督長老教會馬偕醫療財團法人馬偕紀念醫院,,一般內科、精神科、一般外科,106,106年11月1日至111年12月31日,1101100011,臺北市中山區中山北路二段９２號,中山區,中山北路二段９２號,醫療財團法人醫院,綜合醫院,0225433535,https://www.nhi.gov.tw/QueryN/Query3_Detail.aspx?Page=3&HospID=1101100011,臺北市中山區集英里7鄰中山北路二段92號,121.522558,25.058883
國立陽明大學附設醫院,,一般內科、一般外科,106,106年11月1日至111年12月31日,0434010518,宜蘭縣宜蘭市校舍路169號,宜蘭市,校舍路169號,公立醫學院校附設醫院,醫院,03-9325192,https://www.nhi.gov.tw/QueryN/Query3_Detail.aspx?Page=3&HospID=0434010518,宜蘭縣宜蘭市東村里10鄰校舍路169號,121.75798,24.750052
秀傳醫療財團法人彰濱秀傳紀念醫院,,一般內科、一般外科,106,106年11月1日至111年12月31日,1137020511,彰化縣鹿港鎮鹿工路6號、6-2號,鹿港鎮,鹿工路6號、6-2號,醫療財團法人醫院,綜合醫院,04-7813888,https://www.nhi.gov.tw/QueryN/Query3_Detail.aspx?Page=3&HospID=1137020511,彰化縣鹿港鎮海埔里18鄰鹿工路6號,120.41112,24.078274
李綜合醫療社團法人大甲李綜合醫院,,一般外科,106,106年11月1日至111年12月31日,0936030018,臺中市大甲區八德街2號,大甲區,八德街2號,醫療社團法人醫院,綜合醫院,04-26862288,https://www.nhi.gov.tw/QueryN/Query3_Detail.aspx?Page=3&HospID=0936030018,臺中市大甲區平安里12鄰八德街2號,120.618073,24.350784
衛生福利部基隆醫院,,一般內科、一般外科,106,106年11月1日至111年12月31日,0111070010,基隆市信義區信二路２６８號,信義區,信二路２６８號,部立及直轄市立醫院,綜合醫院,02-24292525,https://www.nhi.gov.tw/QueryN/Query3_Detail.aspx?Page=3&HospID=0111070010,基隆市信義區仁壽里18鄰信二路268號,121.748322,25.130455
台灣基督長老教會馬偕醫療財團法人台東馬偕紀念醫院,,一般內科、精神科、兒科、一般外科、婦產科,106,106年11月1日至111年12月31日,1146010014,臺東縣台東市長沙街３０３巷１號,台東市,長沙街３０３巷１號,醫療財團法人醫院,醫院,089310150,https://www.nhi.gov.tw/QueryN/Query3_Detail.aspx?Page=3&HospID=1146010014,臺東縣臺東市東海里9鄰長沙街287號,121.141015,22.750271
奇美醫療財團法人佳里奇美醫院,,一般內科、一般外科,106,106年11月1日至111年12月31日,1105050012,臺南市佳里區佳興里佳里興606號,佳里區,佳興里佳里興606號,醫療財團法人醫院,醫院,06-7263333,https://www.nhi.gov.tw/QueryN/Query3_Detail.aspx?Page=3&HospID=1105050012,臺南市佳里區佳興里6鄰佳里興606號,120.183662,23.181698
高雄市立大同醫院(委託財團法人私立高雄醫學大學附設中和紀念醫院經營),,一般內科、一般外科,106,106年11月1日至111年12月31日,0102070020,高雄市前金區中華三路68號,前金區,中華三路68號,部立及直轄市立醫院,綜合醫院,,https://www.nhi.gov.tw/QueryN/Query3_Detail.aspx?Page=3&HospID=0102070020,高雄市前金區復元里12鄰中華三路68號,120.297205,22.626989
寶建醫療社團法人寶建醫院,,一般內科、一般外科,106,106年11月1日至111年12月31日,0943010017,屏東縣屏東市自由路650-1號地下1樓,屏東市,自由路650-1號地下1樓,醫療社團法人醫院,綜合醫院,08-7665995,https://www.nhi.gov.tw/QueryN/Query3_Detail.aspx?Page=3&HospID=0943010017,屏東縣屏東市崇蘭里15鄰自由路650之1號,120.481843,22.683333
臺北榮民總醫院玉里分院,,精神科,106,106年11月1日至111年12月31日,0645030011,花蓮縣玉里鎮新興街９１號,玉里鎮,新興街９１號,榮民醫院,精神科醫院,038883141,https://www.nhi.gov.tw/QueryN/Query3_Detail.aspx?Page=3&HospID=0645030011,花蓮縣玉里鎮泰昌里14鄰新興街91號,121.312031,23.339213
林新醫療社團法人林新醫院,,一般內科、一般外科,106,106年11月1日至111年12月31日,0917070029,臺中市南屯區惠中路3段36號,南屯區,惠中路3段36號,醫療社團法人醫院,綜合醫院,04-22586688,https://www.nhi.gov.tw/QueryN/Query3_Detail.aspx?Page=3&HospID=0917070029,臺中市南屯區三和里31鄰惠中路三段36號,120.640201,24.149037
衛生福利部臺北醫院,,一般內科、一般外科,106,106年11月1日至111年12月31日,0131060029,新北市新莊區思源路127號,新莊區,思源路127號,部立及直轄市立醫院,綜合醫院,02 2765566,https://www.nhi.gov.tw/QueryN/Query3_Detail.aspx?Page=3&HospID=0131060029,新北市新莊區思源里3鄰思源路127號,121.459622,25.04324
天主教若瑟醫療財團法人若瑟醫院,,一般內科、一般外科,107,107年11月1日至112年12月31日,1139030015,雲林縣虎尾鎮新生路74號(民權路2號),虎尾鎮,新生路74號(民權路2號),醫療財團法人醫院,綜合醫院,05 6337333,https://www.nhi.gov.tw/QueryN/Query3_Detail.aspx?Page=3&HospID=1139030015,雲林縣虎尾鎮新興里16鄰新生路74號,120.437886,23.708214
衛生福利部旗山醫院,,一般內科,107,107年11月1日至112年12月31日,0142030019,高雄市旗山區中學路６０號,旗山區,中學路６０號,部立及直轄市立醫院,綜合醫院,07-6613811,https://www.nhi.gov.tw/QueryN/Query3_Detail.aspx?Page=3&HospID=0142030019,高雄市旗山區大德里2鄰中學路60號,120.483277,22.880693
亞洲大學附屬醫院,,一般內科、一般外科,107,107年11月1日至112年12月31日,1303180011,臺中市霧峰區福新路222號,霧峰區,福新路222號,私立醫學院、校附設醫院,綜合醫院,04-37061668,https://www.nhi.gov.tw/QueryN/Query3_Detail.aspx?Page=3&HospID=1303180011,臺中市霧峰區南柳里12鄰福新路222號,120.68617,24.053561
三軍總醫院澎湖分院附設民眾診療服務處,,一般內科,107,107年11月1日至112年12月31日,0544010031,澎湖縣馬公市前寮里90號1-5樓,馬公市,前寮里90號1-5樓,軍方醫院(民眾診療),綜合醫院,06 9211116,https://www.nhi.gov.tw/QueryN/Query3_Detail.aspx?Page=3&HospID=0544010031,澎湖縣馬公市前寮里3鄰前寮90號,119.583681,23.554615
澄清綜合醫院中港分院,,一般內科、兒科、一般外科、婦產科,107,107年11月1日至112年12月31日,1517061032,臺中市西屯區敬德街8之1號,西屯區,敬德街8之1號,私立西醫醫院,綜合醫院,04 24632000,https://www.nhi.gov.tw/QueryN/Query3_Detail.aspx?Page=3&HospID=1517061032,臺中市西屯區林厝里11鄰敬德街8之1號,120.612155,24.199307
高雄市立聯合醫院,,一般內科、一般外科,107,107年11月1日至112年12月31日,0102020011,高雄市鼓山區中華一路976號,鼓山區,中華一路976號,部立及直轄市立醫院,綜合醫院,07-5552565,https://www.nhi.gov.tw/QueryN/Query3_Detail.aspx?Page=3&HospID=0102020011,高雄市鼓山區龍水里7鄰中華一路976號,120.291698,22.654924
中山醫學大學附設醫院,,一般內科、兒科、一般外科、婦產科,107,107年11月1日至112年12月31日,1317040011,臺中市南區建國北路一段一一○號,南區,建國北路一段一一○號,私立醫學院、校附設醫院,綜合醫院,04 24739595,https://www.nhi.gov.tw/QueryN/Query3_Detail.aspx?Page=3&HospID=1317040011,臺中市南區樹德里7鄰建國北路一段11號,120.647533,24.119282
衛生福利部草屯療養院,,精神科,107,107年11月1日至112年12月31日,0138030010,南投縣草屯鎮玉屏路１６１號,草屯鎮,玉屏路１６１號,部立及直轄市立醫院,精神科醫院,049-2550800,https://www.nhi.gov.tw/QueryN/Query3_Detail.aspx?Page=3&HospID=0138030010,南投縣草屯鎮御史里14鄰玉屏路161號,120.704532,23.990395
大千綜合醫院,,一般內科、一般外科,107,107年11月1日至112年12月31日,1535010051,苗栗縣苗栗市大同路133號1至6樓(81栗建管苗字第405號)、大同路133號1至4樓(77栗建管苗字第00414號)信義路23號地下層（一）及1至7樓(85栗建管苗字第287號)恭敬路36號地下第3層及1至9樓 (97栗商建苗使字第00112號)、信義街36號1至8樓（101）栗商建苗使字第00127號,苗栗市,大同路133號1至6樓(81栗建管苗字第405號)、大同路133號1至4樓(77栗建管苗字第00414號)信義路23號地下層（一）及1至7樓(85栗建管苗字第287號)恭敬路36號地下第3層及1至9樓 (97栗商建苗使字第00112號)、信義街36號1至8樓（101）栗商建苗使字第00127號,私立西醫醫院,綜合醫院,037-357125,https://www.nhi.gov.tw/QueryN/Query3_Detail.aspx?Page=3&HospID=1535010051,苗栗縣苗栗市高苗里10鄰大同路133號,120.815489,24.551742
東元醫療社團法人東元綜合醫院,,一般內科、一般外科、婦產科,107,107年11月1日至112年12月31日,0933050018,新竹縣竹北市縣政二路69號(竹北市光明九路9-1號牙科.精神科門診部),竹北市,縣政二路69號(竹北市光明九路9-1號牙科.精神科門診部),醫療社團法人醫院,綜合醫院,03-5527000,https://www.nhi.gov.tw/QueryN/Query3_Detail.aspx?Page=3&HospID=0933050018,新竹縣竹北市斗崙里2鄰縣政二路68號,121.01455,24.823384
國軍高雄總醫院左營分院附設民眾診療服務處,,一般內科、一般外科,107,107年11月1日至112年12月31日,0502030015,高雄市左營區軍校路５５３號,左營區,軍校路５５３號,軍方醫院(民眾診療),綜合醫院,07 5811648,https://www.nhi.gov.tw/QueryN/Query3_Detail.aspx?Page=3&HospID=0502030015,高雄市左營區合群里30鄰軍校路553號,120.292231,22.700351
天主教靈醫會醫療財團法人羅東聖母醫院,,一般內科、一般外科,107,107年11月1日至112年12月31日,1134020028,宜蘭縣羅東鎮中正南路160號,羅東鎮,中正南路160號,醫療財團法人醫院,綜合醫院,03-9544106,https://www.nhi.gov.tw/QueryN/Query3_Detail.aspx?Page=3&HospID=1134020028,宜蘭縣羅東鎮南昌里6鄰中正南路160號,121.770714,24.671434
天主教耕莘醫療財團法人耕莘醫院,,一般內科、精神科、兒科、一般外科、婦產科,107,107年11月1日至112年12月31日,1231050017,新北市新店區中正路362號,新店區,中正路362號,宗教財團法人附設醫院,綜合醫院,02 2193391,https://www.nhi.gov.tw/QueryN/Query3_Detail.aspx?Page=3&HospID=1231050017,新北市新店區百和里14鄰中正路362號,121.535619,24.976084
衛生福利部嘉南療養院,,精神科,107,107年11月1日至112年12月31日,0141270028,臺南市仁德區裕忠路539號,仁德區,裕忠路539號,部立及直轄市立醫院,精神科醫院,06-2795019,https://www.nhi.gov.tw/QueryN/Query3_Detail.aspx?Page=3&HospID=0141270028,臺南市仁德區仁德里29鄰裕忠路539號,120.241951,22.976718
醫療財團法人辜公亮基金會和信治癌中心醫院,,一般內科,108,108年11月1日至113年12月31日,1101160026,臺北市北投區立德路１２５號,北投區,立德路１２５號,醫療財團法人醫院,綜合醫院,02-28970011,https://www.nhi.gov.tw/QueryN/Query3_Detail.aspx?Page=3&HospID=1101160026,臺北市北投區一德里15鄰立德路125號,121.47201,25.12834
臺北市立聯合醫院(陽明院區),,一般內科、兒科、一般外科、婦產科,108,108年11月1日至113年12月31日,0101090517,臺北市士林區雨聲街105號,士林區,雨聲街105號,部立及直轄市立醫院,綜合醫院,25523234,https://www.nhi.gov.tw/QueryN/Query3_Detail.aspx?Page=3&HospID=0101090517,臺北市士林區岩山里7鄰雨聲街105號,121.531566,25.105194
衛生福利部桃園醫院,,一般內科、精神科、兒科、一般外科、婦產科,108,108年11月1日至113年12月31日,0132010014,桃園市桃園區中山路一四九二號,桃園區,中山路一四九二號,部立及直轄市立醫院,綜合醫院,03 3699721,https://www.nhi.gov.tw/QueryN/Query3_Detail.aspx?Page=3&HospID=0132010014,桃園市桃園區龍山里8鄰中山路1492號,121.268092,24.977705
台灣基督長老教會馬偕醫療財團法人新竹馬偕紀念醫院,,一般內科、兒科、一般外科、婦產科,108,108年11月1日至113年12月31日,1112010519,新竹市東區光復里光復路二段690號,東區,光復里光復路二段690號,醫療財團法人醫院,綜合醫院,03-6119595,https://www.nhi.gov.tw/QueryN/Query3_Detail.aspx?Page=3&HospID=1112010519,新竹市東區光復里10鄰光復路二段690號,120.990781,24.800087
奇美醫療財團法人柳營奇美醫院,,一般內科、兒科、一般外科、婦產科,108,108年11月1日至113年12月31日,1141090512,臺南市柳營區太康里201號,柳營區,太康里201號,醫療財團法人醫院,綜合醫院,06-6226999,https://www.nhi.gov.tw/QueryN/Query3_Detail.aspx?Page=3&HospID=1141090512,臺南市柳營區太康里13鄰太康201號,120.324704,23.289269
佛教慈濟醫療財團法人大林慈濟醫院,,一般內科、精神科、兒科、一般外科、婦產科,108,108年11月1日至113年12月31日,1140030012,嘉義縣大林鎮平林里民生路2號,大林鎮,平林里民生路2號,醫療財團法人醫院,綜合醫院,05-2648000,https://www.nhi.gov.tw/QueryN/Query3_Detail.aspx?Page=3&HospID=1140030012,嘉義縣大林鎮平林里7鄰民生路2號,120.457449,23.596312
澄清綜合醫院,,一般內科、一般外科,108,108年11月1日至113年12月31日,1517011112,臺中市中區平等街139號,中區,平等街139號,私立西醫醫院,綜合醫院,04 24632000,https://www.nhi.gov.tw/QueryN/Query3_Detail.aspx?Page=3&HospID=1517011112,臺中市中區光復里22鄰平等街139號,120.68161,24.142603
佛教慈濟醫療財團法人台中慈濟醫院,,一般內科、精神科、兒科、一般外科、婦產科,108,108年11月1日至113年12月31日,1136090519,臺中市潭子區豐興路一段66、88號,潭子區,豐興路一段66、88號,醫療財團法人醫院,綜合醫院,04-36060666,https://www.nhi.gov.tw/QueryN/Query3_Detail.aspx?Page=3&HospID=1136090519,臺中市潭子區聚興里17鄰豐興路一段595號,120.722397,24.204014
基督復臨安息日會醫療財團法人臺安醫院,,一般內科、一般外科,108,108年11月1日至113年12月31日,1101010021,"臺北市松山區八德路二段424,426號",松山區,"八德路二段424,426號",醫療財團法人醫院,綜合醫院,0227718151,https://www.nhi.gov.tw/QueryN/Query3_Detail.aspx?Page=3&HospID=1101010021,426號,臺北市松山區中正里2鄰八德路二段449號,121.547323
天主教耕莘醫療財團法人永和耕莘醫院,,一般內科、兒科、一般外科、婦產科,108,108年11月1日至113年12月31日,1231030015,新北市永和區中興街80號地下1樓至地上6樓及國光路123號地下3樓至地上11樓,永和區,中興街80號地下1樓至地上6樓及國光路123號地下3樓至地上11樓,宗教財團法人附設醫院,綜合醫院,(02)29286060,https://www.nhi.gov.tw/QueryN/Query3_Detail.aspx?Page=3&HospID=1231030015,新北市永和區永興里25鄰中興街80號,121.51787,25.011873
臺北市立聯合醫院(中興院區),,一般內科、兒科、一般外科、婦產科,108,108年11月1日至113年12月31日,0101090517,臺北市大同區鄭州路145號,大同區,鄭州路145號,部立及直轄市立醫院,綜合醫院,25523234,https://www.nhi.gov.tw/QueryN/Query3_Detail.aspx?Page=3&HospID=0101090517,臺北市大同區玉泉里9鄰鄭州路145號,121.508887,25.050692
臺北市立聯合醫院(忠孝院區),,一般內科、兒科、一般外科、婦產科,108,108年11月1日至113年12月31日,0101090517,臺北市南港區同德路87號、南港區園區街3之2號2樓,南港區,同德路87號、南港區園區街3之2號2樓,部立及直轄市立醫院,綜合醫院,25523234,https://www.nhi.gov.tw/QueryN/Query3_Detail.aspx?Page=3&HospID=0101090517,臺北市南港區萬福里12鄰同德路87號,121.586157,25.046506
臺北市立聯合醫院(仁愛院區),,一般內科、兒科、一般外科、婦產科,108,108年11月1日至113年12月31日,0101090517,臺北市大安區仁愛路四段10號,大安區,仁愛路四段10號,部立及直轄市立醫院,綜合醫院,25523234,https://www.nhi.gov.tw/QueryN/Query3_Detail.aspx?Page=3&HospID=0101090517,臺北市大安區仁慈里16鄰仁愛路四段10號,121.545302,25.03754
臺北市立聯合醫院(和平院區),,一般內科、兒科、一般外科、婦產科,108,108年11月1日至113年12月31日,0101090517,臺北市中正區中華路二段33號、福州街12號,中正區,中華路二段33號、福州街12號,部立及直轄市立醫院,綜合醫院,25523234,https://www.nhi.gov.tw/QueryN/Query3_Detail.aspx?Page=3&HospID=0101090517,臺北市中正區愛國里3鄰中華路二段33號,121.506703,25.035591
安泰醫療社團法人安泰醫院,,一般內科、精神科、兒科、一般外科、婦產科,108,108年11月1日至113年12月31日,0943030019,屏東縣東港鎮中正路一段210號,東港鎮,中正路一段210號,醫療社團法人醫院,綜合醫院,08-8329966,https://www.nhi.gov.tw/QueryN/Query3_Detail.aspx?Page=3&HospID=0943030019,屏東縣東港鎮興東里26鄰中正路一段210號,120.459127,22.474326
屏基醫療財團法人屏東基督教醫院,,一般內科、一般外科,108,108年11月1日至113年12月31日,1143010012,屏東縣屏東市大連路６０號,屏東市,大連路６０號,醫療財團法人醫院,綜合醫院,08 7363026,https://www.nhi.gov.tw/QueryN/Query3_Detail.aspx?Page=3&HospID=1143010012,屏東縣屏東市華山里21鄰大連路60號,120.502588,22.682041
國立臺灣大學醫學院附設醫院雲林分院,,一般內科、一般外科,108,108年11月1日至113年12月31日,0439010518,雲林縣虎尾鎮廉使里學府路95號,虎尾鎮,廉使里學府路95號,公立醫學院校附設醫院,綜合醫院,05-5323911,https://www.nhi.gov.tw/QueryN/Query3_Detail.aspx?Page=3&HospID=0439010518,雲林縣虎尾鎮廉使里19鄰學府路95號,120.423338,23.736656
國泰醫療財團法人汐止國泰綜合醫院,,一般內科、兒科、一般外科、婦產科,108,108年11月1日至113年12月31日,1131110516,新北市汐止區建成路59巷2號地下4樓至地上12樓,汐止區,建成路59巷2號地下4樓至地上12樓,醫療財團法人醫院,綜合醫院,26482121,https://www.nhi.gov.tw/QueryN/Query3_Detail.aspx?Page=3&HospID=1131110516,新北市汐止區橋東里36鄰建成路59巷2號,121.661084,25.072872
長庚醫療財團法人基隆長庚紀念醫院,,一般內科、一般外科,108,108年11月1日至113年12月31日,1111060015,基隆市安樂區麥金路201號,安樂區,麥金路201號,醫療財團法人醫院,綜合醫院,02-24313131,https://www.nhi.gov.tw/QueryN/Query3_Detail.aspx?Page=3&HospID=1111060015,基隆市安樂區鶯安里35鄰麥金路201號,121.721078,25.121578
臺灣基督教門諾會醫療財團法人門諾醫院,,一般內科、精神科、兒科、一般外科、婦產科,108,108年11月1日至113年12月31日,1145010038,花蓮縣花蓮市民權路４４號,花蓮市,民權路４４號,醫療財團法人醫院,綜合醫院,03 8241234,https://www.nhi.gov.tw/QueryN/Query3_Detail.aspx?Page=3&HospID=1145010038,花蓮縣花蓮市民立里6鄰民權路44號,121.626626,23.988257
國軍花蓮總醫院附設民眾診療服務處,,一般內科,108,108年11月1日至113年12月31日,0545040515,花蓮縣新城鄉嘉里路163號,新城鄉,嘉里路163號,軍方醫院(民眾診療),綜合醫院,03-8263151,https://www.nhi.gov.tw/QueryN/Query3_Detail.aspx?Page=3&HospID=0545040515,花蓮縣新城鄉嘉里村33鄰嘉里路163號,121.6074,24.024429
臺北榮民總醫院桃園分院,,一般內科、一般外科,108,108年11月1日至113年12月31日,0632010014,桃園市桃園區成功路三段一○○號,桃園區,成功路三段一○○號,榮民醫院,綜合醫院,03 3384889,https://www.nhi.gov.tw/QueryN/Query3_Detail.aspx?Page=3&HospID=0632010014,桃園市桃園區三元里10鄰成功路三段9之5號,121.325586,24.998577
聯新國際醫院,,一般內科、一般外科,108,108年11月1日至113年12月31日,1532100049,桃園市平鎮區廣泰路七七號、桃園市平鎮區延平路二段430巷115號,平鎮區,廣泰路七七號、桃園市平鎮區延平路二段430巷115號,私立西醫醫院,綜合醫院,03- 4941234,https://www.nhi.gov.tw/QueryN/Query3_Detail.aspx?Page=3&HospID=1532100049,桃園市平鎮區義民里14鄰廣泰路77號,121.20496,24.94612
長庚醫療財團法人嘉義長庚紀念醫院,,一般內科、精神科、兒科、一般外科、婦產科,108,108年11月1日至113年12月31日,1140010510,嘉義縣朴子市仁和里嘉朴路西段六號、八號,朴子市,仁和里嘉朴路西段六號、八號,醫療財團法人醫院,綜合醫院,05-3621000,https://www.nhi.gov.tw/QueryN/Query3_Detail.aspx?Page=3&HospID=1140010510,嘉義縣朴子市仁和里13鄰嘉朴路西段8之1號,120.285239,23.463483
戴德森醫療財團法人嘉義基督教醫院,,一般內科、兒科、一般外科、婦產科,108,108年11月1日至113年12月31日,1122010012,嘉義市東區中庄里忠孝路５３９號；東區後湖里保建街100號；東區頂庄里忠孝路642號,東區,中庄里忠孝路５３９號；東區後湖里保建街100號；東區頂庄里忠孝路642號,醫療財團法人醫院,綜合醫院,05 2765041,https://www.nhi.gov.tw/QueryN/Query3_Detail.aspx?Page=3&HospID=1122010012,嘉義市東區中庄里14鄰忠孝路539號,120.45005,23.4994
臺中榮民總醫院嘉義分院,,一般內科、精神科、一般外科,108,108年11月1日至113年12月31日,0622020017,嘉義市西區劉厝里世賢路二段６００號,西區,劉厝里世賢路二段６００號,榮民醫院,綜合醫院,05 2359630,https://www.nhi.gov.tw/QueryN/Query3_Detail.aspx?Page=3&HospID=0622020017,嘉義市西區劉厝里20鄰世賢路二段600號,120.42297,23.467549
國軍高雄總醫院附設民眾診療服務處,,一般內科、精神科、一般外科,108,108年11月1日至113年12月31日,0502080015,高雄市苓雅區建軍路５號,苓雅區,建軍路５號,軍方醫院(民眾診療),綜合醫院,07 7496751,https://www.nhi.gov.tw/QueryN/Query3_Detail.aspx?Page=3&HospID=0502080015,高雄市苓雅區正義里5鄰建軍路5號,120.342027,22.627051
阮綜合醫療社團法人阮綜合醫院,,一般內科、一般外科,108,108年11月1日至113年12月31日,0902080013,"高雄市苓雅區成功一路156號1-3樓及162號B1-10樓.四維四路136號B4-12樓.156號B2-4,6-13樓及166號B2-11樓.永昌街49號1-6樓",苓雅區,"成功一路156號1-3樓及162號B1-10樓.四維四路136號B4-12樓.156號B2-4,6-13樓及166號B2-11樓.永昌街49號1-6樓",醫療社團法人醫院,綜合醫院,07-3351121,https://www.nhi.gov.tw/QueryN/Query3_Detail.aspx?Page=3&HospID=0902080013,高雄市苓雅區鼓中里5鄰成功一路156號,120.297452,22.615369
高雄市立小港醫院(委託財團法人私立高雄醫學大學經營),,一般內科、兒科、一般外科、婦產科,108,108年11月1日至113年12月31日,1102110011,高雄市小港區山明里山明路四八二號B1-10樓,小港區,山明里山明路四八二號B1-10樓,醫療財團法人醫院,綜合醫院,07 8036783,https://www.nhi.gov.tw/QueryN/Query3_Detail.aspx?Page=3&HospID=1102110011,高雄市小港區山明里20鄰山明路482號,120.363369,22.567467
輔仁大學學校財團法人輔仁大學附設醫院,,一般內科、一般外科,108,108年11月1日至113年12月31日,1331160010,新北市泰山區貴子路69號(地下4層、地上1至11層及13層、15層),泰山區,貴子路69號(地下4層、地上1至11層及13層、15層),私立醫學院、校附設醫院,綜合醫院,(02)85128888,https://www.nhi.gov.tw/QueryN/Query3_Detail.aspx?Page=3&HospID=1331160010,新北市泰山區貴賢里9鄰貴子路69號,121.430798,25.039676
國軍桃園總醫院附設民眾診療服務處,,一般內科、一般外科,108,108年11月1日至113年12月31日,0532090029,桃園市龍潭區中興路168號,龍潭區,中興路168號,軍方醫院(民眾診療),醫院,03- 4799595,https://www.nhi.gov.tw/QueryN/Query3_Detail.aspx?Page=3&HospID=0532090029,桃園市龍潭區北興里12鄰中興路168號,121.235823,24.877445
臺中榮民總醫院,,一般內科、精神科、兒科、一般外科、婦產科,108,108年11月1日至113年12月31日,0617060018,臺中市西屯區臺灣大道4段1650號,西屯區,臺灣大道4段1650號,榮民醫院,綜合醫院,04 23592525,https://www.nhi.gov.tw/QueryN/Query3_Detail.aspx?Page=3&HospID=0617060018,臺中市西屯區福聯里7鄰臺灣大道四段1650號,120.604647,24.184298
彰化基督教醫療財團法人彰化基督教醫院,,一般內科、精神科、兒科、一般外科、婦產科,108,108年11月1日至113年12月31日,1137010024,彰化縣彰化市南校街135號、中華路176號、旭光路235、旭光路320號(地下2樓至地下5樓、地上12樓至地上14樓),彰化市,南校街135號、中華路176號、旭光路235、旭光路320號(地下2樓至地下5樓、地上12樓至地上14樓),醫療財團法人醫院,綜合醫院,047238595,https://www.nhi.gov.tw/QueryN/Query3_Detail.aspx?Page=3&HospID=1137010024,彰化縣彰化市光南里15鄰南校街135號,120.544461,24.07149
秀傳醫療社團法人秀傳紀念醫院,,一般內科、一般外科,108,108年11月1日至113年12月31日,0937010019,彰化縣彰化市南瑤里中山路一段530巷2號(眼科大樓),彰化市,南瑤里中山路一段530巷2號(眼科大樓),醫療社團法人醫院,綜合醫院,04-7256166,https://www.nhi.gov.tw/QueryN/Query3_Detail.aspx?Page=3&HospID=0937010019,彰化縣彰化市南?里13鄰中山路一段530巷2號,120.537321,24.064318
國泰醫療財團法人國泰綜合醫院,,一般內科、兒科、一般外科、婦產科,108,108年11月1日至113年12月31日,1101020018,臺北市大安區仁愛路四段266巷6號，280號,大安區,仁愛路四段266巷6號，280號,醫療財團法人醫院,綜合醫院,0227082121,https://www.nhi.gov.tw/QueryN/Query3_Detail.aspx?Page=3&HospID=1101020018,臺北市大安區敦煌里17鄰仁愛路四段266巷6號,121.552801,25.037178
衛生福利部雙和醫院(委託臺北醫學大學興建經營),,一般內科、兒科、一般外科,108,108年11月1日至113年12月31日,1331040513,新北市中和區中正路291號醫療大樓地下2層至地上12層,中和區,中正路291號醫療大樓地下2層至地上12層,私立醫學院、校附設醫院,綜合醫院,22490088,https://www.nhi.gov.tw/QueryN/Query3_Detail.aspx?Page=3&HospID=1331040513,新北市中和區力行里33鄰中正路291號,121.494082,24.993746
衛生福利部臺中醫院,,一般內科、一般外科,108,108年11月1日至113年12月31日,0117030010,臺中市西區廣民里三民路1段199號,西區,廣民里三民路1段199號,部立及直轄市立醫院,綜合醫院,04-22294411,https://www.nhi.gov.tw/QueryN/Query3_Detail.aspx?Page=3&HospID=0117030010,臺中市西區廣民里2鄰三民路一段199號,120.675711,24.140225
衛生福利部豐原醫院,,一般內科、一般外科,108,108年11月1日至113年12月31日,0136010010,臺中市豐原區安康路１００號,豐原區,安康路１００號,部立及直轄市立醫院,綜合醫院,04-25271180,https://www.nhi.gov.tw/QueryN/Query3_Detail.aspx?Page=3&HospID=0136010010,臺中市豐原區南陽里10鄰安康路100號,120.725292,24.242706
新光醫療財團法人新光吳火獅紀念醫院,,一般內科、一般外科,108,108年11月1日至113年12月31日,1101150011,臺北市士林區文昌路95號及士商路51號、51號2樓、51號3樓、51號4樓、51號5樓、51號6樓、51號7樓、53號、55號、57號,士林區,文昌路95號及士商路51號、51號2樓、51號3樓、51號4樓、51號5樓、51號6樓、51號7樓、53號、55號、57號,醫療財團法人醫院,綜合醫院,0228332211,https://www.nhi.gov.tw/QueryN/Query3_Detail.aspx?Page=3&HospID=1101150011,臺北市士林區福佳里20鄰文昌路95號,121.520289,25.09624
長庚醫療財團法人林口長庚紀念醫院,,一般內科、一般外科,108,108年11月1日至113年12月31日,1132070011,桃園市龜山區公西里復興街5號、5之7號,龜山區,公西里復興街5號、5之7號,醫療財團法人醫院,綜合醫院,03 3281200,https://www.nhi.gov.tw/QueryN/Query3_Detail.aspx?Page=3&HospID=1132070011,桃園市龜山區公西里10鄰復興街5號,121.368281,25.062652
國立台灣大學醫學院附設醫院,,一般內科、一般外科,108,108年11月1日至113年12月31日,0401180014,臺北市中正區中山南路７、８號；常德街１號,中正區,中山南路７、８號；常德街１號,公立醫學院校附設醫院,綜合醫院,02 23123456,https://www.nhi.gov.tw/QueryN/Query3_Detail.aspx?Page=3&HospID=0401180014,臺北市中正區東門里16鄰中山南路21之1號,121.518343,25.035539
醫療財團法人徐元智先生醫藥基金會亞東紀念醫院,,一般內科、一般外科,108,108年11月1日至113年12月31日,1131010011,新北市板橋區南雅南路二段21號及高爾富路300號,板橋區,南雅南路二段21號及高爾富路300號,醫療財團法人醫院,綜合醫院,(02)  89667000,https://www.nhi.gov.tw/QueryN/Query3_Detail.aspx?Page=3&HospID=1131010011,新北市板橋區華東里8鄰南雅南路二段21號,121.452312,24.997312
高雄榮民總醫院,,一般內科、精神科、兒科、一般外科、婦產科,108,108年11月1日至113年12月31日,0602030026,高雄市左營區大中一路３８６號,左營區,大中一路３８６號,榮民醫院,綜合醫院,07 3422121,https://www.nhi.gov.tw/QueryN/Query3_Detail.aspx?Page=3&HospID=0602030026,高雄市左營區福山里19鄰大中一路386號,120.322256,22.677696
奇美醫療財團法人奇美醫院,,一般內科、精神科、兒科、一般外科、婦產科,108,108年11月1日至113年12月31日,1141310019,臺南市南區樹林街二段442號,南區,樹林街二段442號,醫療財團法人醫院,綜合醫院,06-2812811,https://www.nhi.gov.tw/QueryN/Query3_Detail.aspx?Page=3&HospID=1141310019,臺南市南區新昌里1鄰樹林街二段442號,120.196111,22.986581
國立成功大學醫學院附設醫院,,一般內科、一般外科,108,108年11月1日至113年12月31日,0421040011,臺南市北區勝利路１３８號,北區,勝利路１３８號,公立醫學院校附設醫院,綜合醫院,06-2353535,https://www.nhi.gov.tw/QueryN/Query3_Detail.aspx?Page=3&HospID=0421040011,臺南市北區仁愛里12鄰勝利路138號,120.21923,23.00221
佛教慈濟醫療財團法人花蓮慈濟醫院,,一般內科、精神科、兒科、一般外科、婦產科,108,108年11月1日至113年12月31日,1145010010,花蓮縣花蓮市中央路三段７０７號,花蓮市,中央路三段７０７號,醫療財團法人醫院,綜合醫院,38561825,https://www.nhi.gov.tw/QueryN/Query3_Detail.aspx?Page=3&HospID=1145010010,花蓮縣花蓮市國慶里11鄰中央路三段707號,121.592282,23.995729
醫療財團法人羅許基金會羅東博愛醫院,,一般內科、一般外科,108,108年11月1日至113年12月31日,1134020019,宜蘭縣羅東鎮南昌街81、83號站前南路61、63號,羅東鎮,南昌街81、83號站前南路61、63號,醫療財團法人醫院,綜合醫院,03-9543131,https://www.nhi.gov.tw/QueryN/Query3_Detail.aspx?Page=3&HospID=1134020019,宜蘭縣羅東鎮南昌里7鄰南昌街99號,121.77041,24.672367
三軍總醫院附設民眾診療服務處,,一般內科、一般外科,108,108年11月1日至113年12月31日,0501110514,臺北市內湖區成功路二段325號；臺北市中正區汀州路3段40號,內湖區,成功路二段325號；臺北市中正區汀州路3段40號,軍方醫院(民眾診療),綜合醫院,,https://www.nhi.gov.tw/QueryN/Query3_Detail.aspx?Page=3&HospID=0501110514,臺北市內湖區寶湖里1鄰成功路二段325號,121.591982,25.0718
臺北榮民總醫院員山分院,,一般內科、一般外科,108,108年11月1日至113年12月31日,0634070018,宜蘭縣宜蘭市林森路1號,宜蘭市,林森路1號,榮民醫院,綜合醫院,03-9222141,https://www.nhi.gov.tw/QueryN/Query3_Detail.aspx?Page=3&HospID=0634070018,宜蘭縣宜蘭市新東里13鄰林森路1號,121.75769,24.75037
台南市立醫院(委託秀傳醫療社團法人經營),,一般內科、一般外科、兒科,108,108年11月1日至113年12月31日,0905320023,臺南市東區崇德路670號,東區,崇德路670號,醫療社團法人醫院,綜合醫院,06-2609926,https://www.nhi.gov.tw/QueryN/Query3_Detail.aspx?Page=3&HospID=0905320023,臺南市東區崇成里18鄰崇德路670號,120.226743,22.968534
臺南市立安南醫院-委託中國醫藥大學興建經營,,一般內科、一般外科,108,108年11月1日至113年12月31日,1305370013,臺南市安南區長和路二段66號,安南區,長和路二段66號,私立醫學院、校附設醫院,綜合醫院,06-3553111,https://www.nhi.gov.tw/QueryN/Query3_Detail.aspx?Page=3&HospID=1305370013,臺南市安南區州南里13鄰長和路二段66號,120.223192,23.064232
光田醫療社團法人光田綜合醫院,,一般內科、精神科、兒科、一般外科、婦產科,108,108年11月1日至113年12月31日,0936050029,臺中市沙鹿區沙田路117號（含大同街5-2號）,沙鹿區,沙田路117號（含大同街5-2號）,醫療社團法人醫院,綜合醫院,04-26625111,https://www.nhi.gov.tw/QueryN/Query3_Detail.aspx?Page=3&HospID=0936050029,臺中市沙鹿區興安里19鄰沙田路117號,120.558832,24.23532
中國醫藥大學附設醫院,,一般內科、一般外科、兒科,108,108年11月1日至113年12月31日,1317050017,臺中市北區育德路二號,北區,育德路二號,私立醫學院、校附設醫院,綜合醫院,04 22052121,https://www.nhi.gov.tw/QueryN/Query3_Detail.aspx?Page=3&HospID=1317050017,臺中市北區邱厝里14鄰育德路1號,120.680903,24.157218
長庚醫療財團法人高雄長庚紀念醫院,,一般內科、一般外科,108,108年11月1日至113年12月31日,1142100017,高雄市鳥松區大埤路１２３號,鳥松區,大埤路１２３號,醫療財團法人醫院,綜合醫院,07-7317123,https://www.nhi.gov.tw/QueryN/Query3_Detail.aspx?Page=3&HospID=1142100017,高雄市鳥松區鳥松里41鄰大埤路123號,120.356029,22.649847
財團法人私立高雄醫學大學附設中和紀念醫院,,一般內科、一般外科,108,108年11月1日至113年12月31日,1302050014,高雄市三民區十全一路100號及新興區中山一路36號,三民區,十全一路100號及新興區中山一路36號,私立醫學院、校附設醫院,綜合醫院,07 3121101,https://www.nhi.gov.tw/QueryN/Query3_Detail.aspx?Page=3&HospID=1302050014,高雄市三民區安生里11鄰十全一路100號,120.310001,22.645178
衛生福利部苗栗醫院,,一般內科、一般外科,108,108年11月1日至113年12月31日,0135010016,苗栗縣苗栗市為公路747號,苗栗市,為公路747號,部立及直轄市立醫院,綜合醫院,037-261920,https://www.nhi.gov.tw/QueryN/Query3_Detail.aspx?Page=3&HospID=0135010016,苗栗縣苗栗市嘉盛里18鄰為公路747號,120.840405,24.575655
為恭醫療財團法人為恭紀念醫院,,一般內科、精神科、兒科、一般外科、婦產科,108,108年11月1日至113年12月31日,1135050020,苗栗縣頭份市信義路128號(仁愛院區:仁愛路116號及125號5樓、東興院區:水源路417巷11號及13號,頭份市,信義路128號(仁愛院區:仁愛路116號及125號5樓、東興院區:水源路417巷11號及13號,醫療財團法人醫院,綜合醫院,037-676811,https://www.nhi.gov.tw/QueryN/Query3_Detail.aspx?Page=3&HospID=1135050020,苗栗縣頭份市東庄里5鄰信義路128號,120.907345,24.687096
義大醫療財團法人義大醫院,,一般內科、精神科、兒科、一般外科、婦產科,108,108年11月1日至113年12月31日,1142120001,高雄市燕巢區角宿里義大路1號,燕巢區,角宿里義大路1號,醫療財團法人醫院,綜合醫院,07-6150011,https://www.nhi.gov.tw/QueryN/Query3_Detail.aspx?Page=3&HospID=1142120001,高雄市燕巢區角宿里20鄰義大路1號,120.364451,22.765521
